[
  {
    "id": "630009161",
    "name": "STEPPINGSTONE MISSION CREEK DAY HEALTH",
    "npi": null,
    "hcaiId": null,
    "businessName": "NORTH AND SOUTH OF MARKET ADULT DAY HEALTH CORPORATION",
    "contactEmail": "PATRICIAGATEWOOD@UCSF.EDU",
    "categoryName": "ADULT DAY HEALTH CARE",
    "categoryCode": "ADHC",
    "licenseStatus": "ACTIVE",
    "inService": true,
    "licenseNumber": "550000152",
    "licenseEffectiveDate": "05/01/2025",
    "licenseExpirationDate": "04/30/2026",
    "dataDate": "10/18/2025",
    "capacity": 0,
    "address": "930 4TH ST",
    "city": "SAN FRANCISCO",
    "zip": "94158",
    "county": "SAN FRANCISCO",
    "phone": "(415) 598-8031",
    "lat": 37.775529,
    "lng": -122.39325
  },
  {
    "id": "220001176",
    "name": "UCSF CHILDREN'S RENAL DIALYSIS",
    "npi": "1770666737",
    "hcaiId": null,
    "businessName": "UNIVERSITY OF CALIFORNIA BOARD OF REGENTS",
    "contactEmail": "JEAN.BRUZGUL@UCSF.EDU",
    "categoryName": "CHRONIC DIALYSIS CLINIC",
    "categoryCode": "ESRD",
    "licenseStatus": "ACTIVE",
    "inService": true,
    "licenseNumber": "220000091",
    "licenseEffectiveDate": "10/24/2025",
    "licenseExpirationDate": "03/31/2026",
    "dataDate": "10/18/2025",
    "capacity": 0,
    "address": "1825 4TH ST",
    "city": "SAN FRANCISCO",
    "zip": "94158",
    "county": "SAN FRANCISCO",
    "phone": "(415) 353-2425",
    "lat": 37.76633888,
    "lng": -122.3905798
  },
  {
    "id": "630015778",
    "name": "UCSF MEDICAL CENTER AT MISSION BAY",
    "npi": "1689772592",
    "hcaiId": "106384200",
    "businessName": "UNIVERSITY OF CALIFORNIA BOARD OF REGENTS",
    "contactEmail": null,
    "categoryName": "GENERAL ACUTE CARE HOSPITAL",
    "categoryCode": "GACH",
    "licenseStatus": "ACTIVE",
    "inService": true,
    "licenseNumber": "220000091",
    "licenseEffectiveDate": "10/24/2025",
    "licenseExpirationDate": "03/31/2026",
    "dataDate": "10/18/2025",
    "capacity": 289,
    "address": "1975 4TH STREET",
    "city": "SAN FRANCISCO",
    "zip": "94158",
    "county": "SAN FRANCISCO",
    "phone": null,
    "lat": 37.76514661,
    "lng": -122.3904233
  }
]